kernel-name,dispatch,gpu-id,queue-id,queue-index,tid,grd,wgr,lds,scr,vgpr,sgpr,fbar,sig,time,VALUBusy,performance,LDSInsts,LDSBankConflict,L1MemoryBusy,L1MemoryStalled,L2WriteUnitStalled,L2CacheHit
"_Z11mean_kerneliiPfS_",0,0,0,7,38569,65536,256,0,0,2,1,2304,0x0,0.000704,21.133475,2390.432592,0,0.000000,57.821392,26.289404,0.000000,90.012029
"_Z13reduce_kerneliiPfS_",1,0,0,9,38569,16777216,256,0,0,1,1,2496,0x0,0.000277,6.924455,847.945935,0,0.000000,28.853137,27.503353,1.169854,75.214120
"_Z12covar_kerneliiPfS_",2,0,0,11,38569,65536,256,0,0,4,2,0,0x0,1.810738,15.270655,1696.612347,0,0.000000,71.057436,35.254889,0.000000,93.527404
