kernel-name,dispatch,gpu-id,queue-id,queue-index,tid,grd,wgr,lds,scr,vgpr,sgpr,fbar,sig,time,VALUBusy,performance,LDSInsts,LDSBankConflict,L1MemoryBusy,L1MemoryStalled,L2WriteUnitStalled,L2CacheHit
"_Z11mean_kerneliiPfS_",0,0,0,7,34656,16384,256,0,0,2,1,2048,0x0,0.000093,4.204342,485.821217,0,0.000000,19.156369,7.643783,0.000000,94.858252
"_Z13reduce_kerneliiPfS_",1,0,0,9,34656,1048576,256,0,0,1,1,2240,0x0,0.000024,3.185380,415.061333,0,0.000000,8.919319,3.420200,0.000000,86.859022
"_Z12covar_kerneliiPfS_",2,0,0,11,34656,16384,256,0,0,4,2,0,0x0,0.016017,5.488936,616.806042,0,0.000000,29.234367,7.131720,0.000000,99.979017
