kernel-name,dispatch,gpu-id,queue-id,queue-index,tid,grd,wgr,lds,scr,vgpr,sgpr,fbar,sig,time,VALUBusy,performance,LDSInsts,LDSBankConflict,L1MemoryBusy,L1MemoryStalled,L2WriteUnitStalled,L2CacheHit
"_Z11mean_kerneliiPfS_",0,0,0,7,36518,1024,256,0,0,2,1,2304,0x0,0.000187,0.322165,36.666866,0,0.000000,6.063446,1.724385,0.000000,66.672069
"_Z13reduce_kerneliiPfS_",1,0,0,9,36518,4096,256,0,0,1,1,2496,0x0,0.000011,0.103914,13.107200,0,0.000000,0.619155,0.243909,0.000000,54.061252
"_Z12covar_kerneliiPfS_",2,0,0,11,36518,1024,256,0,0,4,2,0,0x0,0.091526,0.340673,38.041031,0,0.000000,15.536214,8.721718,0.000041,99.977426
